{
    "rmse": 0.7158480768544684,
    "mtx": [
        [
            1266.0886443902677,
            0.0,
            965.9942074317452
        ],
        [
            0.0,
            1265.3969900641262,
            544.1911667624499
        ],
        [
            0.0,
            0.0,
            1.0
        ]
    ],
    "dist": [
        [
            0.044372619520504426,
            -0.08116522723214614,
            0.0020817356908714875,
            -0.0008820533737652502,
            0.33323780693450084
        ]
    ],
    "rvecs": [
        [
            [
                0.19328929772566272
            ],
            [
                -0.09996317670306502
            ],
            [
                0.0006637493657015174
            ]
        ],
        [
            [
                0.1923133470275351
            ],
            [
                -0.3654807150772218
            ],
            [
                -0.019360387152443606
            ]
        ],
        [
            [
                0.2081764627717774
            ],
            [
                -0.44421323773580407
            ],
            [
                -0.022160410746918015
            ]
        ],
        [
            [
                0.2533075753588499
            ],
            [
                -0.20070824939938794
            ],
            [
                -7.907799715997247e-05
            ]
        ],
        [
            [
                0.2259503179605741
            ],
            [
                0.2449904665739037
            ],
            [
                0.006888346713824533
            ]
        ],
        [
            [
                0.2079941912317698
            ],
            [
                0.3100961852687216
            ],
            [
                0.006290340014072449
            ]
        ],
        [
            [
                0.16999079847030574
            ],
            [
                0.11266969024482094
            ],
            [
                0.02612507841598465
            ]
        ],
        [
            [
                -0.07142439177628801
            ],
            [
                -0.04338125951420454
            ],
            [
                0.010487265238966944
            ]
        ],
        [
            [
                -0.17165433129851665
            ],
            [
                -0.03413964888685038
            ],
            [
                -0.018655982154680586
            ]
        ],
        [
            [
                0.0271131674638906
            ],
            [
                -0.04535028106349033
            ],
            [
                -0.026185481287379776
            ]
        ],
        [
            [
                0.40502481524602146
            ],
            [
                -0.04091234442950534
            ],
            [
                0.013567398617046228
            ]
        ],
        [
            [
                0.18005151408206663
            ],
            [
                -0.3864469766661676
            ],
            [
                -0.01769792204162787
            ]
        ],
        [
            [
                0.1813155786770471
            ],
            [
                0.472614951115317
            ],
            [
                0.011121957658789549
            ]
        ],
        [
            [
                0.1678881755115803
            ],
            [
                0.5196610693386818
            ],
            [
                0.006992509536410376
            ]
        ],
        [
            [
                0.424012991382674
            ],
            [
                -0.0706249337063806
            ],
            [
                -0.004767071486165184
            ]
        ],
        [
            [
                0.5567481259879884
            ],
            [
                -0.06810534230485414
            ],
            [
                -0.00848004607942693
            ]
        ],
        [
            [
                -0.026815633665430022
            ],
            [
                -0.061751259925701706
            ],
            [
                -0.00020518478923661158
            ]
        ],
        [
            [
                -0.33614519303844703
            ],
            [
                -0.08075309445736766
            ],
            [
                -0.025254410047340088
            ]
        ],
        [
            [
                0.2386475093847436
            ],
            [
                -0.35829862683118807
            ],
            [
                -0.03505160147078373
            ]
        ],
        [
            [
                -0.006270085476486199
            ],
            [
                -0.4353033467336098
            ],
            [
                0.04671539085107314
            ]
        ],
        [
            [
                -0.0500671523934459
            ],
            [
                0.07505170332538712
            ],
            [
                -0.0350921364919937
            ]
        ],
        [
            [
                -0.0470485620318465
            ],
            [
                0.26051820640891116
            ],
            [
                -0.07266570557359421
            ]
        ],
        [
            [
                0.3303285473881443
            ],
            [
                0.1870607260166388
            ],
            [
                -0.08569673590399
            ]
        ],
        [
            [
                0.3755529430912864
            ],
            [
                0.19122182150998984
            ],
            [
                -0.09224063981559338
            ]
        ],
        [
            [
                0.3172010463428475
            ],
            [
                0.08997845853262304
            ],
            [
                -0.07735505374577757
            ]
        ]
    ],